Name,State,Latitude,Longitude,IT Load (MW),PUE,Website,Source URL,Space Type,Classification_Source,Is_Aggregated,Confidence_Score,Annual_Heat_MWh
250 Williams St NW (ATL14),georgia,33.7616045,-84.3913965,3.6,1.91,,https://www.datacentermap.com/usa/georgia/atlanta/250-williams-st-nw/,Small,P1,False,5,28382.4
Flexential Atlanta - Alpharetta Data Center,georgia,34.0870177,-84.2515969,6.0,1.91,,https://www.datacentermap.com/usa/georgia/atlanta/flexential-atlanta/,Small,P1,False,5,47304.0
56 Marietta Street (ATL13),georgia,33.7554561,-84.3915303,5.5,1.91,,https://www.datacentermap.com/usa/georgia/atlanta/telx-atlanta/,Small,P1,False,5,43362.0
Flexential Atlanta - Norcross Data Center - $0 NRC's,georgia,33.9547492,-84.1985761,1.8,1.91,,https://www.datacentermap.com/usa/georgia/atlanta/flexential-norcross/,Small,P1,False,5,14191.2
Hivelocity - Atlanta 2,georgia,33.7615051,-84.3914096,1.0,1.91,,https://www.datacentermap.com/usa/georgia/atlanta/hivelocity-atlanta-2/,Small,P4,False,1,7884.0
101 Aquila Way (ATL11),georgia,33.746556,-84.58025,1.0,1.91,,https://www.datacentermap.com/usa/georgia/atlanta/101-aquila-way/,Small,P4,False,1,7884.0
Flexential Atlanta - Douglasville 1 Data Center,georgia,33.7310851,-84.6159534,22.5,1.4,,https://www.datacentermap.com/usa/georgia/atlanta/flexential-atlanta-douglasville/,Midsize/Colo,P1,False,5,177390.0
Flexential Atlanta - Norcross 2 Data Center,georgia,33.9543478,-84.1990569,4.5,1.91,,https://www.datacentermap.com/usa/georgia/atlanta/flexential-atlanta-norcross-2/,Small,P1,False,5,35478.0
760 Doug Davis Drive,georgia,33.6572025,-84.4151909,1.0,1.91,,https://www.datacentermap.com/usa/georgia/atlanta/760-doug-davis-drive-atl12/,Small,P4,False,1,7884.0
Flexential Atlanta - Douglasville 2 Data Center,georgia,33.7307148,-84.6111721,36.0,1.22,,https://www.datacentermap.com/usa/georgia/atlanta/flexential-atlanta-douglasville-2-data-center/,Hyperscale,P1,False,5,283824.0
Fort Gillem (ATL15),georgia,33.620375,-84.3262363,1.0,1.91,,https://www.datacentermap.com/usa/georgia/atlanta/fort-gillem-atl15/,Small,P4,False,1,7884.0
Fort Gillem (ATL16),georgia,33.620375,-84.3262363,1.0,1.91,,https://www.datacentermap.com/usa/georgia/atlanta/fort-gillem-atl16/,Small,P4,False,1,7884.0
10 Forsyth Street NW,georgia,33.755232,-84.392026,1.0,1.91,,https://www.datacentermap.com/usa/georgia/atlanta/10-forsyth-street-nw/,Small,P4,False,1,7884.0
Serverfarm Atlanta Data Center ATL1,georgia,34.0360702,-84.0638379,12.0,1.35,https://www.serverfarmllc.com/atlanta-data-center/?utm_source=datacentermap.com,https://www.datacentermap.com/usa/georgia/atlanta/serverfarm-atl1/,Midsize/Colo,P1,False,5,94608.0
Evocative ATL1,georgia,33.7616385,-84.3912674,15.0,1.68,https://evocative.com/?utm_source=datacentermap.com,https://www.datacentermap.com/usa/georgia/atlanta/internap-acs/,Midsize/Colo,P1,False,5,118260.0
Csquare  - Atlanta ATL1-D,georgia,33.7437843,-84.581499,1.1,1.91,https://www.evoquedcs.com/data-centers/atlanta?utm_source=datacentermap.com,https://www.datacentermap.com/usa/georgia/atlanta/evoque-atl1/,Small,P1,False,5,8672.400000000001
Csquare - Atlanta ATL1-A,georgia,33.74388140098229,-84.58136916160583,1.175,1.91,https://centersquaredc.com/data-centers/atlanta?utm_source=datacentermap.com,https://www.datacentermap.com/usa/georgia/atlanta/cyxtera-atl1/,Small,P1,False,5,9263.7
375 Riverside Parkway,georgia,33.744177,-84.5811904,1.0,1.91,,https://www.datacentermap.com/usa/georgia/atlanta/375-riverside-parkway/,Small,P4,False,1,7884.0
T5 Data Centers - T5@Atlanta 1,georgia,33.763433,-84.60498,20.0,1.2,https://t5datacenters.com/locations/t5-atlanta/?utm_source=datacentermap.com,https://www.datacentermap.com/usa/georgia/atlanta/t5-data-centers-t5atlanta/,Midsize/Colo,P1,False,5,157680.0
365 Data Centers -  Smyrna,georgia,33.8411525,-84.5223745,4.0,1.91,https://365datacenters.com/?utm_source=datacentermap.com,https://www.datacentermap.com/usa/georgia/atlanta/sungardas-smyrna/,Small,P1,False,5,31536.0
CleanSpark College Park,georgia,33.614673,-84.467412,47.0,1.22,https://www.cleanspark.com/bitcoin-operations?utm_source=datacentermap.com,https://www.datacentermap.com/usa/georgia/atlanta/virtual-citadel/,Hyperscale,P1,False,5,370548.00000000006
Cogent Data Center - Atlanta 2,georgia,33.722477,-84.4128003,6.8,1.91,https://www.cogentco.com/en/cogent-atlanta?utm_source=datacentermap.com,https://www.datacentermap.com/usa/georgia/atlanta/cogent-data-center-atlanta-2/,Small,P1,False,5,53611.200000000004
H5 Data Centers Atlanta,georgia,33.7651383,-84.3837307,15.0,1.68,https://h5datacenters.com/atlanta-data-center.html?utm_source=datacentermap.com,https://www.datacentermap.com/usa/georgia/atlanta/h5dc-atlanta/,Midsize/Colo,P3,False,1,118260.0
55 Marietta Street,georgia,33.755807,-84.391066,18.0,1.68,https://www.55mariettast.com/?utm_source=datacentermap.com,https://www.datacentermap.com/usa/georgia/atlanta/55-marietta/,Midsize/Colo,P1,False,5,141912.0
Atlanta Data Center,georgia,33.755562,-84.391101,15.0,1.68,https://www.atldc.com/?utm_source=datacentermap.com,https://www.datacentermap.com/usa/georgia/atlanta/atlanta-data-center/,Midsize/Colo,P3,False,1,118260.0
One Park Tower,georgia,33.75497447796674,-84.3896516579086,1.0,1.91,https://lalaniventures.com/?utm_source=datacentermap.com,https://www.datacentermap.com/usa/georgia/atlanta/one-park-tower/,Small,P4,False,1,7884.0
Cyber Wurx LLC,georgia,33.7559437,-84.3911017,2.0,1.91,https://cyberwurx.com?utm_source=datacentermap.com,https://www.datacentermap.com/usa/georgia/atlanta/cyber-wurx-llc/,Small,P1,False,5,15768.0
Cogent Data Center - Atlanta 1,georgia,33.755562,-84.391101,0.5,1.91,https://www.cogentco.com/en/cogent-atlanta?utm_source=datacentermap.com,https://www.datacentermap.com/usa/georgia/atlanta/cogent-atlanta/,Small,P1,False,5,3942.0
JMF IXP Farm Columbus,georgia,32.49822738,-84.88354903,7.5,1.8,https://dlione.net/?utm_source=datacentermap.com,https://www.datacentermap.com/usa/georgia/atlanta/ixp-farm-columbus/,Small,P1,False,5,59130.0
Data Canopy - Atlanta,georgia,33.7421904,-84.5963842,8.5,1.91,https://datacanopy.com/data-centers/atlanta-ga/?utm_source=datacentermap.com,https://www.datacentermap.com/usa/georgia/atlanta/data-canopy-atlanta/,Small,P1,False,5,67014.0
T5 Data Centers - T5@Atlanta Campus,georgia,33.763433,-84.60498,220.0,1.22,https://t5datacenters.com/locations/t5-atlanta/?utm_source=datacentermap.com,https://www.datacentermap.com/usa/georgia/atlanta/t5-data-centers-t5atlanta-campus/,Hyperscale,P1,False,5,1734480.0
ColoCrossing GA1,georgia,33.7549638,-84.3896562,1.6,1.91,https://www.colocrossing.com/datacenter/atlanta-ga/?utm_source=datacentermap.com,https://www.datacentermap.com/usa/georgia/atlanta/colocrossing-ga1/,Small,P1,False,5,12614.400000000001
4905 North Point Pkwy,georgia,34.0570483,-84.2728648,30.0,1.22,https://lpc.com/?utm_source=datacentermap.com,https://www.datacentermap.com/usa/georgia/atlanta/4905-north-point-pkwy/,Hyperscale,P1,False,5,236520.0
T5 Data Centers - T5@Atlanta 3,georgia,33.763433,-84.60498,66.0,1.22,https://t5datacenters.com/locations/t5-atlanta/?utm_source=datacentermap.com,https://www.datacentermap.com/usa/georgia/atlanta/t5-data-centers-t5atlanta-3/,Hyperscale,P1,False,5,520344.0
Lunavi Atlanta,georgia,33.7584791,-84.3877669,15.0,1.68,https://www.lunavi.com/data-centers/atlanta?utm_source=datacentermap.com,https://www.datacentermap.com/usa/georgia/atlanta/at1/,Midsize/Colo,P3,False,1,118260.0
STACK Infrastructure ATL01B,georgia,34.076911942248,-84.26269119365047,12.0,1.68,https://www.stackinfra.com/locations/americas/atlanta/atl01/?utm_source=datacentermap.com,https://www.datacentermap.com/usa/georgia/atlanta/stack-infrastructure-atl01b/,Midsize/Colo,P1,False,5,94608.0
T5 Data Centers - T5@Atlanta 4,georgia,33.763433,-84.60498,66.0,1.22,https://t5datacenters.com/locations/t5-atlanta/?utm_source=datacentermap.com,https://www.datacentermap.com/usa/georgia/atlanta/t5-data-centers-t5atlanta-4/,Hyperscale,P1,False,5,520344.0
T5 Data Centers - T5@Atlanta 5,georgia,33.763433,-84.60498,40.0,1.22,https://t5datacenters.com/locations/t5-atlanta/?utm_source=datacentermap.com,https://www.datacentermap.com/usa/georgia/atlanta/t5-data-centers-t5atlanta-5/,Hyperscale,P1,False,5,315360.0
T5 Data Centers - T5@Atlanta 2,georgia,33.763433,-84.60498,28.0,1.68,https://t5datacenters.com/locations/t5-atlanta/?utm_source=datacentermap.com,https://www.datacentermap.com/usa/georgia/atlanta/t5-data-centers-t5atlanta-2/,Midsize/Colo,P1,False,5,220752.0
CleanSpark Norcross,georgia,33.9277089,-84.1855738,20.0,1.68,https://www.cleanspark.com/bitcoin-operations?utm_source=datacentermap.com,https://www.datacentermap.com/usa/georgia/atlanta/cleanspark-norcross/,Midsize/Colo,P1,False,5,157680.0
Edged Atlanta ATL3,georgia,33.80545660256504,-84.45241170893839,44.0,1.22,https://www.edged.us/atlanta?utm_source=datacentermap.com,https://www.datacentermap.com/usa/georgia/atlanta/edged-atl3/,Hyperscale,P1,False,5,346896.0
Edged Atlanta ATL1,georgia,33.802753,-84.448926,24.0,1.68,https://www.edged.us/atlanta?utm_source=datacentermap.com,https://www.datacentermap.com/usa/georgia/atlanta/edged-atl1/,Midsize/Colo,P1,False,5,189216.0
Edged Atlanta ATL2,georgia,33.80392749336552,-84.45115423604719,100.0,1.22,https://www.edged.us/atlanta?utm_source=datacentermap.com,https://www.datacentermap.com/usa/georgia/atlanta/edged-atl2/,Hyperscale,P1,False,5,788400.0
Intero Systems Data Center,georgia,33.6137447,-84.4472439,1.0,1.91,https://www.interosystems.com/network-data-center/?utm_source=datacentermap.com,https://www.datacentermap.com/usa/georgia/atlanta/intero-systems/,Small,P4,False,1,7884.0
CloudFirst Atlanta Data Center 2,georgia,33.7549756,-84.3896491,1.0,1.91,https://cloudfirst.host/?utm_source=datacentermap.com,https://www.datacentermap.com/usa/georgia/atlanta/colo-at-34/,Small,P4,False,1,7884.0
Edged Atlanta Campus,georgia,33.8077378,-84.45126479999999,168.0,1.22,https://www.edged.us/atlanta?utm_source=datacentermap.com,https://www.datacentermap.com/usa/georgia/atlanta/edged-atlanta-campus/,Hyperscale,P1,False,5,1324512.0000000002
Peachtree Data Center,georgia,33.7593202,-84.3883355,1.0,1.91,https://www.mapletree.com.sg/All-Properties/MIT/USA/180%20Peachtree-Atlanta.aspx?utm_source=datacentermap.com,https://www.datacentermap.com/usa/georgia/atlanta/peachtree-datacenter/,Small,P4,False,1,7884.0
STACK Infrastructure ATL01A,georgia,34.0758701,-84.2641894,8.0,1.91,https://www.stackinfra.com/locations/americas/atlanta/atl01/?utm_source=datacentermap.com,https://www.datacentermap.com/usa/georgia/atlanta/stack-infrastructure-atl01a/,Small,P1,False,5,63072.0
Volico Atlanta,georgia,33.7554648,-84.3914602,9.5,1.91,https://www.volico.com/data-centers/atlanta-colocation/?utm_source=datacentermap.com,https://www.datacentermap.com/usa/georgia/atlanta/volico-atl1/,Small,P1,False,5,74898.0
PwC Lithia Springs,georgia,33.74208739172617,-84.59651263360203,1.0,1.91,https://www.pwc.com/gx/en.html?utm_source=datacentermap.com,https://www.datacentermap.com/usa/georgia/atlanta/pwc-lithia-springs/,Small,P4,False,1,7884.0
Coloblox Marietta Data Center,georgia,33.8839421,-84.472222,15.0,1.68,https://mariettadatacenter.com/marietta-colocation-data-center.php?utm_source=datacentermap.com,https://www.datacentermap.com/usa/georgia/atlanta/coloblox-marietta-data-center/,Midsize/Colo,P3,False,1,118260.0
STACK Infrastructure ATL02,georgia,33.7601809,-84.6015135,48.0,1.22,https://www.stackinfra.com/locations/americas/atlanta/atl02/?utm_source=datacentermap.com,https://www.datacentermap.com/usa/georgia/atlanta/stack-infrastructure-atl02/,Hyperscale,P1,False,5,378432.0
Prologis Project Sail,georgia,33.43401541699367,-84.87679274104754,1.0,1.91,https://www.prologis.com/?utm_source=datacentermap.com,https://www.datacentermap.com/usa/georgia/atlanta/project-sail/,Small,P4,False,1,7884.0
CloudFirst Atlanta Data Center 1,georgia,33.755807,-84.391066,1.0,1.91,https://performive.com/platform/data-centers/?utm_source=datacentermap.com,https://www.datacentermap.com/usa/georgia/atlanta/colo-at-55/,Small,P4,False,1,7884.0
Douglas Waldrop,georgia,33.7264774,-84.8243251,1.0,1.91,https://www.trammellcrow.com/?utm_source=datacentermap.com,https://www.datacentermap.com/usa/georgia/atlanta/douglas-waldrop/,Small,P4,False,1,7884.0
Windstream Atlanta,georgia,33.801177,-84.3882836,1.0,1.91,https://www.windstreamwholesale.com/solutions/?utm_source=datacentermap.com,https://www.datacentermap.com/usa/georgia/atlanta/nuvox-atlanta/,Small,P4,False,1,7884.0
The Crossings Campus,georgia,33.59450250768219,-84.54413176577447,1.0,1.91,https://www.linklogistics.com/?utm_source=datacentermap.com,https://www.datacentermap.com/usa/georgia/atlanta/the-crossings-campus/,Small,P4,False,1,7884.0
Project Sassy,georgia,34.37503987476282,-85.04447666239057,504.0,1.22,https://www.atlaslanddev.com?utm_source=datacentermap.com,https://www.datacentermap.com/usa/georgia/atlanta/project-sassy/,Hyperscale,P1,False,5,3973536.0
Serverfarm Atlanta Data Center ATL2,georgia,33.6218526,-83.8161215,20.0,1.14,https://www.serverfarmllc.com/?utm_source=datacentermap.com,https://www.datacentermap.com/usa/georgia/atlanta/serverfarm-atl2/,AI Specialized,P3,False,1,157680.0
Project Bunkhouse,georgia,34.09683300742312,-84.91408744306813,1.0,1.91,,https://www.datacentermap.com/usa/georgia/atlanta/project-bunkhouse/,Small,P4,False,1,7884.0
T5 Data Centers - T5@Atlanta IV,georgia,33.4913318,-84.6590348,200.0,1.22,https://t5datacenters.com/locations/t5-atlanta-iv/?utm_source=datacentermap.com,https://www.datacentermap.com/usa/georgia/atlanta/t5-data-centers-atl-iv/,Hyperscale,P1,False,5,1576800.0
40 Perimeter Center E,georgia,33.9265002,-84.3265121,1.0,1.91,https://www.lpc.com/?utm_source=datacentermap.com,https://www.datacentermap.com/usa/georgia/atlanta/40-perimeter-center-e/,Small,P4,False,1,7884.0
Ardent Georgia,georgia,34.2458783,-83.5440769,120.0,1.22,https://ardentdc.com/?utm_source=datacentermap.com,https://www.datacentermap.com/usa/georgia/atlanta/ardent-georgia/,Hyperscale,P1,False,5,946080.0
Gregory Road Data Center,georgia,33.6443607,-83.8114506,1.0,1.91,,https://www.datacentermap.com/usa/georgia/atlanta/gregory-road-data-center/,Small,P4,False,1,7884.0
TA Realty ATL03,georgia,33.563092,-84.51279699999999,1.0,1.91,https://www.tarealty.com/?utm_source=datacentermap.com,https://www.datacentermap.com/usa/georgia/atlanta/ta-realty-atl03/,Small,P4,False,1,7884.0
Avemore Data Park,georgia,33.7048622,-84.9397347,1.0,1.91,https://www.atlaslanddev.com/?utm_source=datacentermap.com,https://www.datacentermap.com/usa/georgia/atlanta/avemore-data-park/,Small,P4,False,1,7884.0
Spalding Investments LLC,georgia,33.24196498855439,-84.19537392734922,1.0,1.91,https://www.datacenterdynamics.com/en/news/land-rezoning-for-georgia-data-center-recommended-for-approval/?utm_source=datacentermap.com,https://www.datacentermap.com/usa/georgia/atlanta/spalding-investments-llc/,Small,P4,False,1,7884.0
TA Realty - 4350 E Tanners Church,georgia,33.63739899999999,-84.304289,1.0,1.91,https://www.tarealty.com/?utm_source=datacentermap.com,https://www.datacentermap.com/usa/georgia/atlanta/ta-realty-4350-e-tanners-church/,Small,P4,False,1,7884.0
Wallace Jackson Data Center Campus,georgia,33.2772053280158,-84.11723350675123,1.0,1.91,http://havenwoodholdings.com/?utm_source=datacentermap.com,https://www.datacentermap.com/usa/georgia/atlanta/wallace-jackson-data-center-campus/,Small,P4,False,1,7884.0
Project Gracie,georgia,34.26683,-85.29861,1.0,1.91,https://www.atlaslanddev.com/?utm_source=datacentermap.com,https://www.datacentermap.com/usa/georgia/atlanta/project-gracie/,Small,P4,False,1,7884.0
470 Exchange,georgia,33.839281,-84.372804,1.0,1.91,https://www.facilitygateway.com/?utm_source=datacentermap.com,https://www.datacentermap.com/usa/georgia/atlanta/470-exchange/,Small,P4,False,1,7884.0
Southern Telecom Atlanta,georgia,33.7618627,-84.38782619999999,15.0,1.68,https://www.southern-telecom.com/solutions/colocation.html?utm_source=datacentermap.com,https://www.datacentermap.com/usa/georgia/atlanta/southern-telecom-atlanta/,Midsize/Colo,P3,False,1,118260.0
GrindCap Marietta DC-1,georgia,33.9952631,-84.5542662,48.0,1.22,https://www.grindcap.com/?utm_source=datacentermap.com,https://www.datacentermap.com/usa/georgia/atlanta/grindcap-marietta-dc-1/,Hyperscale,P1,False,5,378432.0
Bolingbroke Technology Campus,georgia,32.9363,-83.82183,900.0,1.22,https://bolingbroketech.com/?utm_source=datacentermap.com,https://www.datacentermap.com/usa/georgia/atlanta/bolingbroke-technology-campus/,Hyperscale,P1,False,5,7095600.0
GrindCap Marietta DC-2,georgia,33.9947076,-84.5524466,24.0,1.68,https://www.grindcap.com/?utm_source=datacentermap.com,https://www.datacentermap.com/usa/georgia/atlanta/grindcap-marietta-dc-2/,Midsize/Colo,P1,False,5,189216.0
GrindCap Marietta Campus,georgia,33.9941647,-84.55364279999999,1.0,1.91,https://www.grindcap.com/?utm_source=datacentermap.com,https://www.datacentermap.com/usa/georgia/atlanta/grindcap-marietta-campus/,Small,P4,False,1,7884.0
Verizon Atlanta,georgia,33.8291464,-84.5031309,1.0,1.91,https://www.verizon.com/business/?utm_source=datacentermap.com,https://www.datacentermap.com/usa/georgia/atlanta/xo-atlanta/,Small,P4,False,1,7884.0
Bolingbroke Technology Campus - Bldg 6,georgia,32.937419,-83.814401,100.0,1.22,https://bolingbroketech.com/?utm_source=datacentermap.com,https://www.datacentermap.com/usa/georgia/atlanta/bolingbroke-technology-campus-bldg-6/,Hyperscale,P1,False,5,788400.0
Bolingbroke Technology Campus - Bldg 3,georgia,32.935866,-83.826482,100.0,1.22,https://bolingbroketech.com/?utm_source=datacentermap.com,https://www.datacentermap.com/usa/georgia/atlanta/bolingbroke-technology-campus-bldg-3/,Hyperscale,P1,False,5,788400.0
Bolingbroke Technology Campus - Bldg 7,georgia,32.931761,-83.815458,200.0,1.22,https://bolingbroketech.com/?utm_source=datacentermap.com,https://www.datacentermap.com/usa/georgia/atlanta/bolingbroke-technology-campus-bldg-7/,Hyperscale,P1,False,5,1576800.0
Bolingbroke Technology Campus - Bldg 5,georgia,32.939672,-83.816901,100.0,1.22,https://bolingbroketech.com/?utm_source=datacentermap.com,https://www.datacentermap.com/usa/georgia/atlanta/bolingbroke-technology-campus-bldg-5/,Hyperscale,P1,False,5,788400.0
Bolingbroke Technology Campus - Bldg 9,georgia,32.930256,-83.810763,200.0,1.22,https://bolingbroketech.com/?utm_source=datacentermap.com,https://www.datacentermap.com/usa/georgia/atlanta/bolingbroke-technology-campus-bldg-9/,Hyperscale,P1,False,5,1576800.0
Henderson Farms Campus DC1,georgia,33.389773,-84.260297,1.0,1.91,,https://www.datacentermap.com/usa/georgia/atlanta/henderson-farms-campus-dc1/,Small,P4,False,1,7884.0
Bolingbroke Technology Campus - Bldg 1,georgia,32.94043,-83.828284,100.0,1.22,https://bolingbroketech.com/?utm_source=datacentermap.com,https://www.datacentermap.com/usa/georgia/atlanta/bolingbroke-technology-campus-bldg-1/,Hyperscale,P1,False,5,788400.0
Bolingbroke Technology Campus - Bldg 2,georgia,32.939597,-83.830691,100.0,1.22,https://bolingbroketech.com/?utm_source=datacentermap.com,https://www.datacentermap.com/usa/georgia/atlanta/bolingbroke-technology-campus-bldg-2/,Hyperscale,P1,False,5,788400.0
Bolingbroke Technology Campus - Bldg 8,georgia,32.933191,-83.8122,200.0,1.22,https://bolingbroketech.com/?utm_source=datacentermap.com,https://www.datacentermap.com/usa/georgia/atlanta/bolingbroke-technology-campus-bldg-8/,Hyperscale,P1,False,5,1576800.0
Henderson Farms Campus DC2,georgia,33.3898,-84.261434,1.0,1.91,,https://www.datacentermap.com/usa/georgia/atlanta/henderson-farms-campus-dc2/,Small,P4,False,1,7884.0
Henderson Farms Campus DC3,georgia,33.389745,-84.262655,1.0,1.91,,https://www.datacentermap.com/usa/georgia/atlanta/henderson-farms-campus-dc3/,Small,P4,False,1,7884.0
Bolingbroke Technology Campus - Bldg 4,georgia,32.933939,-83.820542,100.0,1.22,https://bolingbroketech.com/?utm_source=datacentermap.com,https://www.datacentermap.com/usa/georgia/atlanta/bolingbroke-technology-campus-bldg-4/,Hyperscale,P1,False,5,788400.0
STACK Infrastructure ATL01 Campus,georgia,34.07664467036683,-84.2631503548596,1.0,1.91,https://www.stackinfra.com/locations/americas/atlanta/atl01/?utm_source=datacentermap.com,https://www.datacentermap.com/usa/georgia/atlanta/stack-infrastructure-atl01-campus/,Small,P4,False,1,7884.0
Project Springbank DC2,georgia,34.309671,-84.965269,1.0,1.91,https://www.atlaslanddev.com/?utm_source=datacentermap.com,https://www.datacentermap.com/usa/georgia/atlanta/project-springbank-dc2/,Small,P4,False,1,7884.0
Project Springbank Campus,georgia,34.304431,-84.966847,1.0,1.91,https://www.atlaslanddev.com/?utm_source=datacentermap.com,https://www.datacentermap.com/usa/georgia/atlanta/project-springbank/,Small,P4,False,1,7884.0
Henderson Farms Campus,georgia,33.387938,-84.261326,1.0,1.91,,https://www.datacentermap.com/usa/georgia/atlanta/henderson-farms-campus/,Small,P4,False,1,7884.0
Project Springbank DC3,georgia,34.307916,-84.96836,1.0,1.91,https://www.atlaslanddev.com/?utm_source=datacentermap.com,https://www.datacentermap.com/usa/georgia/atlanta/project-springbank-dc3/,Small,P4,False,1,7884.0
Project Springbank DC1,georgia,34.309671,-84.96836,1.0,1.91,https://www.atlaslanddev.com/?utm_source=datacentermap.com,https://www.datacentermap.com/usa/georgia/atlanta/project-springbank-dc1/,Small,P4,False,1,7884.0
Project Springbank DC5,georgia,34.30616,-84.96836,1.0,1.91,https://www.atlaslanddev.com/?utm_source=datacentermap.com,https://www.datacentermap.com/usa/georgia/atlanta/project-springbank-dc5/,Small,P4,False,1,7884.0
Project Springbank DC4,georgia,34.307916,-84.965365,1.0,1.91,https://www.atlaslanddev.com/?utm_source=datacentermap.com,https://www.datacentermap.com/usa/georgia/atlanta/project-springbank-dc4/,Small,P4,False,1,7884.0
365 Data Centers -  Alpharetta,georgia,34.063439,-84.2726505,4.3,1.91,https://365datacenters.com/?utm_source=datacentermap.com,https://www.datacentermap.com/usa/georgia/alpharetta/sungardas-alpharetta/,Small,P1,False,5,33901.200000000004
Project Springbank DC6,georgia,34.30616,-84.965398,1.0,1.91,https://www.atlaslanddev.com/?utm_source=datacentermap.com,https://www.datacentermap.com/usa/georgia/atlanta/project-springbank-dc6/,Small,P4,False,1,7884.0
1650 Union Hill Road,georgia,34.09479503611276,-84.23574006692277,8.1,1.91,http://strategicdatasphere.com/?utm_source=datacentermap.com,https://www.datacentermap.com/usa/georgia/alpharetta/1650-union-hill-road/,Small,P1,False,5,63860.4
Project Azalea,georgia,33.45799313769182,-82.40449083699504,1.0,1.91,https://www.projectturbollc.com/?utm_source=datacentermap.com,https://www.datacentermap.com/usa/georgia/augusta/project-azalea/,Small,P4,False,1,7884.0
White Oak Technology Park,georgia,33.52261944922584,-82.33674366101295,1.0,1.91,https://www.trammellcrow.com/?utm_source=datacentermap.com,https://www.datacentermap.com/usa/georgia/augusta/white-oak-technology-park/,Small,P4,False,1,7884.0
Pumpkin Technology Campus DC4,georgia,33.486331,-82.317928,1.0,1.91,https://cloverleaf.me/?utm_source=datacentermap.com,https://www.datacentermap.com/usa/georgia/augusta/pumpkin-technology-campus-dc4/,Small,P4,False,1,7884.0
Pumpkin Technology Campus DC2,georgia,33.490295,-82.318017,1.0,1.91,https://cloverleaf.me/?utm_source=datacentermap.com,https://www.datacentermap.com/usa/georgia/augusta/pumpkin-technology-campus-dc2/,Small,P4,False,1,7884.0
Pumpkin Technology Campus DC1,georgia,33.493789,-82.318832,1.0,1.91,https://cloverleaf.me/?utm_source=datacentermap.com,https://www.datacentermap.com/usa/georgia/augusta/pumpkin-technology-campus-dc1/,Small,P4,False,1,7884.0
Pumpkin Technology Campus DC3,georgia,33.488,-82.32218,1.0,1.91,https://cloverleaf.me/?utm_source=datacentermap.com,https://www.datacentermap.com/usa/georgia/augusta/pumpkin-technology-campus-dc3/,Small,P4,False,1,7884.0
Pumpkin Technology Campus,georgia,33.489996,-82.320152,1.0,1.91,https://cloverleaf.me/?utm_source=datacentermap.com,https://www.datacentermap.com/usa/georgia/augusta/pumpkin-technology-campus/,Small,P4,False,1,7884.0
Byrd Farms Technology Campus DC9,georgia,33.506273,-82.294346,1.0,1.91,,https://www.datacentermap.com/usa/georgia/augusta/byrd-farms-technology-campus-dc9/,Small,P4,False,1,7884.0
Byrd Farms Technology Campus DC16,georgia,33.497905,-82.28942,1.0,1.91,,https://www.datacentermap.com/usa/georgia/augusta/byrd-farms-technology-campus-dc16/,Small,P4,False,1,7884.0
Byrd Farms Technology Campus DC18,georgia,33.49722,-82.285281,1.0,1.91,,https://www.datacentermap.com/usa/georgia/augusta/byrd-farms-technology-campus-dc18/,Small,P4,False,1,7884.0
Byrd Farms Technology Campus DC6,georgia,33.508904,-82.296528,1.0,1.91,,https://www.datacentermap.com/usa/georgia/augusta/byrd-farms-technology-campus-dc6/,Small,P4,False,1,7884.0
Byrd Farms Technology Campus DC13,georgia,33.499221,-82.295857,1.0,1.91,,https://www.datacentermap.com/usa/georgia/augusta/byrd-farms-technology-campus-dc13/,Small,P4,False,1,7884.0
Byrd Farms Technology Campus DC4,georgia,33.508102,-82.299699,1.0,1.91,,https://www.datacentermap.com/usa/georgia/augusta/byrd-farms-technology-campus-dc4/,Small,P4,False,1,7884.0
Byrd Farms Technology Campus DC3,georgia,33.507671,-82.301329,1.0,1.91,,https://www.datacentermap.com/usa/georgia/augusta/byrd-farms-technology-campus-dc3/,Small,P4,False,1,7884.0
Byrd Farms Technology Campus DC7,georgia,33.509336,-82.295302,1.0,1.91,,https://www.datacentermap.com/usa/georgia/augusta/byrd-farms-technology-campus-dc7/,Small,P4,False,1,7884.0
Byrd Farms Technology Campus DC5,georgia,33.508428,-82.298348,1.0,1.91,,https://www.datacentermap.com/usa/georgia/augusta/byrd-farms-technology-campus-dc5/,Small,P4,False,1,7884.0
Byrd Farms Technology Campus DC14,georgia,33.499111,-82.294458,1.0,1.91,,https://www.datacentermap.com/usa/georgia/augusta/byrd-farms-technology-campus-dc14/,Small,P4,False,1,7884.0
Project Azalea - Building C,georgia,33.456767,-82.395772,1.0,1.91,https://www.projectturbollc.com/?utm_source=datacentermap.com,https://www.datacentermap.com/usa/georgia/augusta/project-azalea-building-c/,Small,P4,False,1,7884.0
Project Azalea - Building D,georgia,33.455012,-82.401399,1.0,1.91,https://www.projectturbollc.com/?utm_source=datacentermap.com,https://www.datacentermap.com/usa/georgia/augusta/project-azalea-building-d/,Small,P4,False,1,7884.0
Byrd Farms Technology Campus DC12,georgia,33.502057,-82.292715,1.0,1.91,,https://www.datacentermap.com/usa/georgia/augusta/byrd-farms-technology-campus-dc12/,Small,P4,False,1,7884.0
Byrd Farms Technology Campus DC11,georgia,33.501779,-82.301118,1.0,1.91,,https://www.datacentermap.com/usa/georgia/augusta/byrd-farms-technology-campus-dc11/,Small,P4,False,1,7884.0
Byrd Farms Technology Campus DC17,georgia,33.496747,-82.289616,1.0,1.91,,https://www.datacentermap.com/usa/georgia/augusta/byrd-farms-technology-campus-dc17/,Small,P4,False,1,7884.0
Byrd Farms Technology Campus DC8,georgia,33.509336,-82.295302,1.0,1.91,,https://www.datacentermap.com/usa/georgia/augusta/byrd-farms-technology-campus-dc8/,Small,P4,False,1,7884.0
Byrd Farms Technology Campus DC2,georgia,33.507394,-82.302608,1.0,1.91,,https://www.datacentermap.com/usa/georgia/augusta/byrd-farms-technology-campus-dc2/,Small,P4,False,1,7884.0
Project Azalea - Building B,georgia,33.456095,-82.394315,1.0,1.91,https://www.projectturbollc.com/?utm_source=datacentermap.com,https://www.datacentermap.com/usa/georgia/augusta/project-azalea-building-b/,Small,P4,False,1,7884.0
Project Azalea - Building F,georgia,33.459108,-82.405015,1.0,1.91,https://www.projectturbollc.com/?utm_source=datacentermap.com,https://www.datacentermap.com/usa/georgia/augusta/project-azalea-building-f/,Small,P4,False,1,7884.0
Project Azalea - Building E,georgia,33.458438,-82.399041,1.0,1.91,https://www.projectturbollc.com/?utm_source=datacentermap.com,https://www.datacentermap.com/usa/georgia/augusta/project-azalea-building-e/,Small,P4,False,1,7884.0
Byrd Farms Technology Campus DC1,georgia,33.51028,-82.302099,1.0,1.91,,https://www.datacentermap.com/usa/georgia/augusta/byrd-farms-technology-campus-dc1/,Small,P4,False,1,7884.0
Byrd Farms Technology Campus DC10,georgia,33.501467,-82.302259,1.0,1.91,,https://www.datacentermap.com/usa/georgia/augusta/byrd-farms-technology-campus-dc10/,Small,P4,False,1,7884.0
Project West,georgia,32.99152685958404,-85.01356708236065,1.0,1.91,,https://www.datacentermap.com/usa/georgia/columbus-ga/project-west/,Small,P4,False,1,7884.0
Byrd Farms Technology Campus,georgia,33.50371,-82.297296,1.0,1.91,,https://www.datacentermap.com/usa/georgia/augusta/byrd-farms-technology-campus/,Small,P4,False,1,7884.0
Project Azalea - Building A,georgia,33.455104,-82.393077,1.0,1.91,https://www.projectturbollc.com/?utm_source=datacentermap.com,https://www.datacentermap.com/usa/georgia/augusta/project-azalea-building-a/,Small,P4,False,1,7884.0
Byrd Farms Technology Campus DC15,georgia,33.499127,-82.289328,1.0,1.91,,https://www.datacentermap.com/usa/georgia/augusta/byrd-farms-technology-campus-dc15/,Small,P4,False,1,7884.0
Project Splice,georgia,31.97154,-83.731085,1.0,1.91,,https://www.datacentermap.com/usa/georgia/columbus-ga/project-splice/,Small,P4,False,1,7884.0
Form8tion LaGrange,georgia,32.984972,-85.055494,50.0,1.22,https://www.form8tion.net/?utm_source=datacentermap.com,https://www.datacentermap.com/usa/georgia/columbus-ga/form8tion-lagrange/,Hyperscale,P3,False,1,394200.0
Project Ruby,georgia,32.58333365667577,-84.71451146287636,1.0,1.91,https://habitatrealestatepartners.com/?utm_source=datacentermap.com,https://www.datacentermap.com/usa/georgia/columbus-ga/project-ruby/,Small,P4,False,1,7884.0
Rumble Technology Campus,georgia,32.993721,-83.833862,1.0,1.91,https://www.cloverleafinfra.com/?utm_source=datacentermap.com,https://www.datacentermap.com/usa/georgia/macon/rumble-technology-campus/,Small,P4,False,1,7884.0
Forsyth Technology Campus,georgia,33.1029694351444,-84.00787434602759,1.0,1.91,https://www.trammellcrow.com/?utm_source=datacentermap.com,https://www.datacentermap.com/usa/georgia/macon/forsyth-technology-campus/,Small,P4,False,1,7884.0
7015 Adams Park Rd,georgia,32.5809364,-83.48609909999999,1.0,1.91,,https://www.datacentermap.com/usa/georgia/macon/7015-adams-park-rd/,Small,P4,False,1,7884.0
Hampton Technology Park,georgia,33.37750828638038,-84.34806877706492,1.0,1.91,,https://www.datacentermap.com/usa/georgia/hampton/hampton-technology-park/,Small,P4,False,1,7884.0
Core Scientific Dalton,georgia,34.7131193,-84.9514028,195.0,1.22,https://corescientific.com/infrastructure-footprint/#content-georgia?utm_source=datacentermap.com,https://www.datacentermap.com/usa/georgia/dalton/core-scientific/,Hyperscale,P1,False,5,1537380.0
CleanSpark Dalton 2,georgia,34.7341275,-84.9629697,1.0,1.91,https://www.cleanspark.com/bitcoin-operations?utm_source=datacentermap.com,https://www.datacentermap.com/usa/georgia/dalton/cleanspark-dalton-2/,Small,P4,False,1,7884.0
CleanSpark Dalton 1,georgia,34.6985069,-84.9500417,1.0,1.91,https://www.cleanspark.com/bitcoin-operations?utm_source=datacentermap.com,https://www.datacentermap.com/usa/georgia/dalton/cleanspark-dalton-1/,Small,P4,False,1,7884.0
Project Arrowhead,georgia,31.599167,-83.367442,1200.0,1.22,,https://www.datacentermap.com/usa/georgia/ocilla/project-arrowhead/,Hyperscale,P1,False,5,9460800.0
CleanSpark Sandersville,georgia,33.00214998108429,-82.83388958437858,150.0,1.22,https://www.cleanspark.com/bitcoin-operations?utm_source=datacentermap.com,https://www.datacentermap.com/usa/georgia/sandersville/cleanspark-sandersville/,Hyperscale,P1,False,5,1182600.0
CleanSpark Washington,georgia,33.70713094529,-82.75170190339591,1.0,1.91,https://www.cleanspark.com/bitcoin-operations?utm_source=datacentermap.com,https://www.datacentermap.com/usa/georgia/washington-ga/cleanspark-washington/,Small,P4,False,1,7884.0
FOGO Solutions - Atlanta Region,georgia,33.558856,-85.089087,15.0,1.68,https://fogosolutions.com/?utm_source=datacentermap.com,https://www.datacentermap.com/usa/georgia/carrollton/atlanta-region/,Midsize/Colo,P3,False,1,118260.0
LN Compute Cuthbert,georgia,31.77048067528526,-84.75947346689065,1.0,1.91,https://www.lncompute.com/?utm_source=datacentermap.com,https://www.datacentermap.com/usa/georgia/cuthbert/ln-compute-cuthbert/,Small,P4,False,1,7884.0
Ubiquity Edge Data Center,georgia,32.4325928,-81.7604578,15.0,1.68,https://ubiquitygp.com?utm_source=datacentermap.com,https://www.datacentermap.com/usa/georgia/statesboro/edge-statesboro/,Midsize/Colo,P3,False,1,118260.0
CleanSpark Vidalia,georgia,32.23465538118385,-82.36405059765595,1.0,1.91,https://www.cleanspark.com/bitcoin-operations?utm_source=datacentermap.com,https://www.datacentermap.com/usa/georgia/vidalia/cleanspark-vidalia/,Small,P4,False,1,7884.0
Amazon AWS - 2250 Rockhouse Rd,georgia,33.74469000000001,-84.597578,50.0,1.22,https://aws.amazon.com/es/?utm_source=datacentermap.com,https://www.datacentermap.com/usa/georgia/atlanta/2250-rockhouse-rd/,Hyperscale,P2,False,1,394200.0
Amazon AWS - Rock House Road,georgia,33.7418811,-84.602074,50.0,1.22,https://aws.amazon.com/es/compliance/data-center/controls/?utm_source=datacentermap.com,https://www.datacentermap.com/usa/georgia/atlanta/amazon-aws-rock-house-road/,Hyperscale,P2,False,1,394200.0
Amazon AWS - Legacy 75 Trade Center,georgia,33.16913210955222,-84.05541939870298,50.0,1.22,https://legacy75tradecenter.com/?utm_source=datacentermap.com,https://www.datacentermap.com/usa/georgia/atlanta/amazon-aws-legacy-75-trade-center/,Hyperscale,P2,False,1,394200.0
Amazon AWS - 7800 W Strickland St,georgia,33.7429835,-84.7813102,50.0,1.22,https://aws.amazon.com/es/?utm_source=datacentermap.com,https://www.datacentermap.com/usa/georgia/atlanta/7800-w-strickland-st/,Hyperscale,P2,False,1,394200.0
American Tower EDC Atlanta,georgia,33.6900488,-84.51111759999999,1.0,1.91,http://www.americantower.com/us/edgedata/?utm_source=datacentermap.com,https://www.datacentermap.com/usa/georgia/atlanta/atc-edge-data-atlanta/,Small,P2,False,1,7884.0
CoreSite Atlanta (AT2),georgia,33.92542846315679,-84.48159144047548,15.0,1.68,https://www.coresite.com/data-center/at2-atlanta-ga?utm_source=datacentermap.com,https://www.datacentermap.com/usa/georgia/atlanta/coresite-at2/,Midsize/Colo,P2,False,1,118260.0
CoreSite Atlanta (AT1),georgia,33.7559437,-84.3911017,15.0,1.68,https://www.coresite.com/data-center/at1-atlanta-ga?utm_source=datacentermap.com,https://www.datacentermap.com/usa/georgia/atlanta/coresite-at1/,Midsize/Colo,P2,False,1,118260.0
DataBank ATL2 - Atlanta West End,georgia,33.7338896,-84.4257281,4.0,1.91,https://www.databank.com/data-centers/atlanta/1100-white-street-southwest/?utm_source=datacentermap.com,https://www.datacentermap.com/usa/georgia/atlanta/atlanta-nap/,Small,P1,False,5,31536.0
DataBank ATL3 - Atlanta West End,georgia,33.734292,-84.4265873,6.0,1.91,https://www.databank.com/data-centers/atlanta/1150-white-street-southwest/?utm_source=datacentermap.com,https://www.datacentermap.com/usa/georgia/atlanta/databank-atl3/,Small,P1,False,5,47304.0
DataBank ATL5 - Lithia Springs,georgia,33.7473877,-84.5403005,48.0,1.22,https://www.databank.com/data-centers/atlanta/lithia-springs/atl5/?utm_source=datacentermap.com,https://www.datacentermap.com/usa/georgia/atlanta/databank-atl5-lithia-springs/,Hyperscale,P1,False,5,378432.0
DataBank ATL4 - South Fulton,georgia,33.7504201,-84.5482033,40.0,1.22,https://www.databank.com/data-centers/atlanta/200-selig-dr-sw/?utm_source=datacentermap.com,https://www.datacentermap.com/usa/georgia/atlanta/databank-atl4-south-fulton/,Hyperscale,P1,False,5,315360.0
DataBank ATL6 - Lithia Springs,georgia,33.7473711,-84.5402917,72.0,1.22,https://www.databank.com/data-centers/atlanta/lithia-springs/atl6/?utm_source=datacentermap.com,https://www.datacentermap.com/usa/georgia/atlanta/databank-atl6-lithia-springs/,Hyperscale,P1,False,5,567648.0
DataBank ATL1 - Midtown Atlanta,georgia,33.77543,-84.38776,5.4,1.91,https://www.databank.com/data-centers/atlanta/760-peachtree-street/?utm_source=datacentermap.com,https://www.datacentermap.com/usa/georgia/atlanta/databank-atl1/,Small,P1,False,5,42573.600000000006
DC BLOX Atlanta West,georgia,33.73398600000001,-84.61522599999999,120.0,1.3,https://www.dcblox.com/data-centers/douglas-county-ga-hyperscale-data-center-campus/?utm_source=datacentermap.com,https://www.datacentermap.com/usa/georgia/atlanta/dc-blox-atlanta-west/,Hyperscale,P1,False,5,946080.0
DC BLOX Atlanta East,georgia,33.6913989,-84.047062,144.0,1.3,https://www.dcblox.com/data-centers/rockdale-county-ga-hyperscale-data-center-campus/?utm_source=datacentermap.com,https://www.datacentermap.com/usa/georgia/atlanta/dc-blox-atlanta-east/,Hyperscale,P1,False,5,1135296.0
EdgeConneX Atlanta - ATL02,georgia,33.731803,-84.4235854,15.0,1.68,https://www.edgeconnex.com/locations/americas/atlanta-ga/?utm_source=datacentermap.com,https://www.datacentermap.com/usa/georgia/atlanta/edgeconnex-atl02/,Midsize/Colo,P1,False,5,118260.0
EdgeConneX Atlanta - ATL01,georgia,33.729469,-84.420271,2.1,1.91,https://www.edgeconnex.com/locations/americas/atlanta-ga/?utm_source=datacentermap.com,https://www.datacentermap.com/usa/georgia/atlanta/edgeconnex-edcatl01/,Small,P1,False,5,16556.4
Equinix AT4,georgia,33.8954529,-84.4535771,12.0,1.68,https://www.equinix.com/?utm_source=datacentermap.com,https://www.datacentermap.com/usa/georgia/atlanta/equinix-at4/,Midsize/Colo,P1,False,5,94608.0
Equinix AT1,georgia,33.7585633,-84.3877746,15.0,1.68,https://www.equinix.com/?utm_source=datacentermap.com,https://www.datacentermap.com/usa/georgia/atlanta/equinix-at1/,Midsize/Colo,P2,False,1,118260.0
Equinix AT12x,georgia,33.365607,-84.320069,60.0,1.22,https://www.equinix.com/?utm_source=datacentermap.com,https://www.datacentermap.com/usa/georgia/hampton/equinix-at12x/,Hyperscale,P1,False,5,473040.0
Equinix AT10x,georgia,33.364819,-84.317053,60.0,1.22,https://www.equinix.com/?utm_source=datacentermap.com,https://www.datacentermap.com/usa/georgia/hampton/equinix-at10x/,Hyperscale,P1,False,5,473040.0
Equinix AT13x,georgia,33.366363,-84.321247,60.0,1.22,https://www.equinix.com/?utm_source=datacentermap.com,https://www.datacentermap.com/usa/georgia/hampton/equinix-at13x/,Hyperscale,P1,False,5,473040.0
Equinix AT11x,georgia,33.365578,-84.318209,60.0,1.22,https://www.equinix.com/?utm_source=datacentermap.com,https://www.datacentermap.com/usa/georgia/hampton/equinix-at11x/,Hyperscale,P1,False,5,473040.0
Equinix Hampton Campus,georgia,33.365624,-84.319133,240.0,1.22,https://www.equinix.com/?utm_source=datacentermap.com,https://www.datacentermap.com/usa/georgia/hampton/equinix-hampton-campus/,Hyperscale,P1,False,5,1892160.0
Google Douglas County Campus,georgia,33.751151,-84.5859079,50.0,1.1,https://www.google.com/about/datacenters/locations/douglas-county/?utm_source=datacentermap.com,https://www.datacentermap.com/usa/georgia/atlanta/google-douglas-county/,Hyperscale,P2,False,1,394200.0
Google Douglas County Data Center 1,georgia,33.749731,-84.58479969999999,50.0,1.22,https://www.google.com/about/datacenters/locations/douglas-county/?utm_source=datacentermap.com,https://www.datacentermap.com/usa/georgia/atlanta/google-douglas-county-data-center-1/,Hyperscale,P2,False,1,394200.0
Google Douglas County Data Center 2,georgia,33.75208919114918,-84.58692635674332,50.0,1.22,https://www.google.com/about/datacenters/locations/douglas-county/?utm_source=datacentermap.com,https://www.datacentermap.com/usa/georgia/atlanta/google-douglas-county-data-center-2/,Hyperscale,P2,False,1,394200.0
Google Rumble Road,georgia,32.98845087691415,-83.82991695833098,50.0,1.22,https://datacenters.google/?utm_source=datacentermap.com,https://www.datacentermap.com/usa/georgia/macon/google-rumble-road/,Hyperscale,P2,False,1,394200.0
Lumen College Park,georgia,33.6375708,-84.458532,15.0,1.68,https://www.lumen.com/?utm_source=datacentermap.com,https://www.datacentermap.com/usa/georgia/atlanta/lumen-college-park/,Midsize/Colo,P2,False,1,118260.0
Lumen Atlanta,georgia,33.765095,-84.384112,15.0,1.68,https://www.lumen.com/en-us/home.html?utm_source=datacentermap.com,https://www.datacentermap.com/usa/georgia/atlanta/level3-atlanta1/,Midsize/Colo,P2,False,1,118260.0
Lumen Atlanta 2,georgia,33.758378,-84.387582,15.0,1.68,https://www.lumen.com/en-us/home.html?utm_source=datacentermap.com,https://www.datacentermap.com/usa/georgia/atlanta/level3-atlanta2/,Midsize/Colo,P2,False,1,118260.0
Lumen Atlanta 5,georgia,33.728589,-84.418857,15.0,1.68,https://www.lumen.com/?utm_source=datacentermap.com,https://www.datacentermap.com/usa/georgia/atlanta/level3-atlanta5/,Midsize/Colo,P2,False,1,118260.0
Lumen Doraville 1,georgia,33.907965,-84.23604,15.0,1.68,https://www.lumen.com/?utm_source=datacentermap.com,https://www.datacentermap.com/usa/georgia/atlanta/level3-dorabille1/,Midsize/Colo,P2,False,1,118260.0
Lumen Atlanta 6,georgia,33.754769,-84.358774,15.0,1.68,https://www.lumen.com/?utm_source=datacentermap.com,https://www.datacentermap.com/usa/georgia/atlanta/level3-atlanta6/,Midsize/Colo,P2,False,1,118260.0
Meta Stanton Springs Campus,georgia,33.6015196,-83.700981,50.0,1.22,https://datacenters.atmeta.com/us-locations/?utm_source=datacentermap.com,https://www.datacentermap.com/usa/georgia/atlanta/meta-stanton-springs-data-center/,Hyperscale,P2,True,1,394200.0
Microsoft Douglasville Campus,georgia,33.73168957638032,-84.62256828239784,50.0,1.22,https://datacenters.microsoft.com/?utm_source=datacentermap.com,https://www.datacentermap.com/usa/georgia/atlanta/microsoft-douglasville-campus/,Hyperscale,P2,True,1,394200.0
Microsoft Project Rita Campus,georgia,33.518186,-84.578005,96.0,1.22,https://datacenters.microsoft.com/?utm_source=datacentermap.com,https://www.datacentermap.com/usa/georgia/atlanta/microsoft-project-rita-campus/,Hyperscale,P1,True,5,756864.0
Microsoft Union City Campus,georgia,33.62435349442588,-84.55762800785715,50.0,1.22,https://datacenters.microsoft.com/?utm_source=datacentermap.com,https://www.datacentermap.com/usa/georgia/atlanta/microsoft-union-city/,Hyperscale,P2,True,1,394200.0
Microsoft Palmetto,georgia,33.52280781579498,-84.62683235515048,50.0,1.22,https://local.microsoft.com/es/blog/palmetto-datacenter-construction-update/?utm_source=datacentermap.com,https://www.datacentermap.com/usa/georgia/atlanta/microsoft-palmetto/,Hyperscale,P2,False,1,394200.0
Microsoft East Point Campus,georgia,33.641777,-84.517228,50.0,1.22,https://local.microsoft.com/es/blog/east-point-datacenter-project-overview/?utm_source=datacentermap.com,https://www.datacentermap.com/usa/georgia/atlanta/microsoft-east-point-campus/,Hyperscale,P2,False,1,394200.0
Microsoft East Point (ATL06),georgia,33.639239,-84.517141,50.0,1.22,https://local.microsoft.com/es/blog/east-point-datacenter-project-overview/?utm_source=datacentermap.com,https://www.datacentermap.com/usa/georgia/atlanta/microsoft-east-point-atl06/,Hyperscale,P2,False,1,394200.0
Microsoft East Point (ATL07),georgia,33.639917,-84.518458,50.0,1.22,https://local.microsoft.com/es/blog/east-point-datacenter-project-overview/?utm_source=datacentermap.com,https://www.datacentermap.com/usa/georgia/atlanta/microsoft-east-point-atl07/,Hyperscale,P2,False,1,394200.0
QTS Suwanee 1 DC1,georgia,34.0352725,-84.0610703,26.0,1.68,https://qtsdatacenters.com/data-centers/suwanee?utm_source=datacentermap.com,https://www.datacentermap.com/usa/georgia/atlanta/qts-suwanee/,Midsize/Colo,P1,False,5,204984.00000000003
QTS Suwanee 1 DC2,georgia,34.0370725,-84.05762879999999,30.0,1.22,https://qtsdatacenters.com/data-centers/suwanee?utm_source=datacentermap.com,https://www.datacentermap.com/usa/georgia/atlanta/qts-atlanta-suwanee-dc-2/,Hyperscale,P1,False,5,236520.0
QTS Suwanee 1 Campus,georgia,34.03615829526743,-84.05928918934121,15.0,1.68,https://q.com/data-centers/suwanee-1/?utm_source=datacentermap.com,https://www.datacentermap.com/usa/georgia/atlanta/qts-suwanee-1-campus/,Midsize/Colo,P2,False,1,118260.0
QTS Atlanta 1 DC1,georgia,33.7776839,-84.4210811,72.0,1.22,https://www.qtsdatacenters.com/data-centers/atlanta?utm_source=datacentermap.com,https://www.datacentermap.com/usa/georgia/atlanta/qts-atlanta-metro-dc2/,Hyperscale,P1,False,5,567648.0
QTS Atlanta-Metro DC 1,georgia,33.775596,-84.420384,70.0,1.22,https://qtsdatacenters.com/data-centers/atlanta?utm_source=datacentermap.com,https://www.datacentermap.com/usa/georgia/atlanta/qts-atlanta/,Hyperscale,P1,False,5,551880.0
QTS Atlanta-Fayetteville DC11,georgia,33.464616,-84.529311,15.0,1.68,https://qtsdatacenters.com/data-centers/fayetteville/?utm_source=datacentermap.com,https://www.datacentermap.com/usa/georgia/atlanta/qts-atlanta-fayetteville-dc11/,Midsize/Colo,P2,False,1,118260.0
QTS Atlanta-Fayetteville DC2,georgia,33.448606,-84.526352,15.0,1.68,https://qtsdatacenters.com/data-centers/fayetteville/?utm_source=datacentermap.com,https://www.datacentermap.com/usa/georgia/atlanta/qts-atlanta-fayetteville-dc2/,Midsize/Colo,P2,False,1,118260.0
QTS Atlanta-Fayetteville DC8,georgia,33.45756,-84.532588,15.0,1.68,https://qtsdatacenters.com/data-centers/fayetteville/?utm_source=datacentermap.com,https://www.datacentermap.com/usa/georgia/atlanta/qts-atlanta-fayetteville-dc8/,Midsize/Colo,P2,False,1,118260.0
QTS Atlanta-Fayetteville DC6,georgia,33.450071,-84.529928,15.0,1.68,https://qtsdatacenters.com/data-centers/fayetteville/?utm_source=datacentermap.com,https://www.datacentermap.com/usa/georgia/atlanta/qts-atlanta-fayetteville-dc6/,Midsize/Colo,P2,False,1,118260.0
QTS Atlanta-Fayetteville DC13,georgia,33.464702,-84.523683,15.0,1.68,https://qtsdatacenters.com/data-centers/fayetteville/?utm_source=datacentermap.com,https://www.datacentermap.com/usa/georgia/atlanta/qts-atlanta-fayetteville-dc13/,Midsize/Colo,P2,False,1,118260.0
QTS Atlanta-Fayetteville DC10,georgia,33.460335,-84.527939,15.0,1.68,https://qtsdatacenters.com/data-centers/fayetteville/?utm_source=datacentermap.com,https://www.datacentermap.com/usa/georgia/atlanta/qts-atlanta-fayetteville-dc10/,Midsize/Colo,P2,False,1,118260.0
QTS Atlanta-Fayetteville DC3,georgia,33.449917,-84.522352,15.0,1.68,https://qtsdatacenters.com/data-centers/fayetteville/?utm_source=datacentermap.com,https://www.datacentermap.com/usa/georgia/atlanta/qts-atlanta-fayetteville-dc3/,Midsize/Colo,P2,False,1,118260.0
QTS Atlanta-Fayetteville DC1,georgia,33.448506,-84.522332,15.0,1.68,https://qtsdatacenters.com/data-centers/fayetteville/?utm_source=datacentermap.com,https://www.datacentermap.com/usa/georgia/atlanta/qts-atlanta-fayetteville-dc1/,Midsize/Colo,P2,False,1,118260.0
QTS Atlanta-Fayetteville DC9,georgia,33.461177,-84.529417,15.0,1.68,https://qtsdatacenters.com/data-centers/fayetteville/?utm_source=datacentermap.com,https://www.datacentermap.com/usa/georgia/atlanta/qts-atlanta-fayetteville-dc9/,Midsize/Colo,P2,False,1,118260.0
QTS Atlanta-Fayetteville DC4,georgia,33.451021,-84.522921,15.0,1.68,https://qtsdatacenters.com/data-centers/fayetteville/?utm_source=datacentermap.com,https://www.datacentermap.com/usa/georgia/atlanta/qts-atlanta-fayetteville-dc4/,Midsize/Colo,P2,False,1,118260.0
QTS Atlanta-Fayetteville DC5,georgia,33.45238,-84.523039,15.0,1.68,https://qtsdatacenters.com/data-centers/fayetteville/?utm_source=datacentermap.com,https://www.datacentermap.com/usa/georgia/atlanta/qts-atlanta-fayetteville-dc5/,Midsize/Colo,P2,False,1,118260.0
QTS Atlanta-Fayetteville DC7,georgia,33.455994,-84.529626,15.0,1.68,https://qtsdatacenters.com/data-centers/fayetteville/?utm_source=datacentermap.com,https://www.datacentermap.com/usa/georgia/atlanta/qts-atlanta-fayetteville-dc7/,Midsize/Colo,P2,False,1,118260.0
QTS Atlanta-Fayetteville DC14,georgia,33.463508,-84.522091,15.0,1.68,https://qtsdatacenters.com/data-centers/fayetteville/?utm_source=datacentermap.com,https://www.datacentermap.com/usa/georgia/atlanta/qts-atlanta-fayetteville-dc14/,Midsize/Colo,P2,False,1,118260.0
QTS Atlanta-Fayetteville,georgia,33.4484994,-84.5225596,500.0,1.22,https://qtsdatacenters.com/data-centers/atlanta-2?utm_source=datacentermap.com,https://www.datacentermap.com/usa/georgia/atlanta/qts-atlanta-fayetteville/,Hyperscale,P1,False,5,3942000.0
QTS Atlanta-Fayetteville DC15,georgia,33.462722,-84.520905,15.0,1.68,https://qtsdatacenters.com/data-centers/fayetteville/?utm_source=datacentermap.com,https://www.datacentermap.com/usa/georgia/atlanta/qts-atlanta-fayetteville-dc15/,Midsize/Colo,P2,False,1,118260.0
QTS Atlanta-Fayetteville DC16,georgia,33.45435337191984,-84.51676089318552,15.0,1.68,https://qtsdatacenters.com/data-centers/fayetteville/?utm_source=datacentermap.com,https://www.datacentermap.com/usa/georgia/atlanta/qts-atlanta-fayetteville-dc16/,Midsize/Colo,P2,False,1,118260.0
QTS Atlanta-Fayetteville DC12,georgia,33.462084,-84.524563,15.0,1.68,https://qtsdatacenters.com/data-centers/fayetteville/?utm_source=datacentermap.com,https://www.datacentermap.com/usa/georgia/atlanta/qts-atlanta-fayetteville-dc12/,Midsize/Colo,P2,False,1,118260.0
QTS Augusta Campus,georgia,33.441085,-82.162653,200.0,1.22,https://t5datacenters.com/?utm_source=datacentermap.com,https://www.datacentermap.com/usa/georgia/augusta/t5augusta/,Hyperscale,P1,False,5,1576800.0
QTS Augusta DC2,georgia,33.439669,-82.161181,15.0,1.68,https://qtsdatacenters.com/?utm_source=datacentermap.com,https://www.datacentermap.com/usa/georgia/augusta/qts-augusta-dc2/,Midsize/Colo,P2,False,1,118260.0
QTS Augusta DC4,georgia,33.44256,-82.165255,15.0,1.68,https://qtsdatacenters.com/?utm_source=datacentermap.com,https://www.datacentermap.com/usa/georgia/augusta/qts-augusta-dc4/,Midsize/Colo,P2,False,1,118260.0
QTS Augusta DC1,georgia,33.439615,-82.159962,15.0,1.68,https://qtsdatacenters.com/?utm_source=datacentermap.com,https://www.datacentermap.com/usa/georgia/augusta/qts-augusta-dc1/,Midsize/Colo,P2,False,1,118260.0
QTS Augusta DC6,georgia,33.444009,-82.166987,15.0,1.68,https://qtsdatacenters.com/?utm_source=datacentermap.com,https://www.datacentermap.com/usa/georgia/augusta/qts-augusta-dc6/,Midsize/Colo,P2,False,1,118260.0
QTS Augusta DC5,georgia,33.443217,-82.166234,15.0,1.68,https://qtsdatacenters.com/?utm_source=datacentermap.com,https://www.datacentermap.com/usa/georgia/augusta/qts-augusta-dc5/,Midsize/Colo,P2,False,1,118260.0
QTS Augusta DC3,georgia,33.442177,-82.16315,15.0,1.68,https://qtsdatacenters.com/?utm_source=datacentermap.com,https://www.datacentermap.com/usa/georgia/augusta/qts-augusta-dc3/,Midsize/Colo,P2,False,1,118260.0
QTS Blakely,georgia,31.406296,-84.912908,15.0,1.68,https://qtsdatacenters.com/?utm_source=datacentermap.com,https://www.datacentermap.com/usa/georgia/blakely/qts-blakely/,Midsize/Colo,P2,False,1,118260.0
Switch The KEEP Campus - Building 1,georgia,33.7549798,-84.5873395,15.0,1.68,https://www.switch.com/atlanta/?utm_source=datacentermap.com,https://www.datacentermap.com/usa/georgia/atlanta/switch-atlanta/,Midsize/Colo,P2,True,1,118260.0
Switch The KEEP Campus - Building 3,georgia,33.76035045108249,-84.59128079068275,15.0,1.68,https://www.switch.com/atlanta/?utm_source=datacentermap.com,https://www.datacentermap.com/usa/georgia/atlanta/switch-the-keep-building-3/,Midsize/Colo,P2,True,1,118260.0
Switch Atlanta - The KEEP Campus,georgia,33.7585771321922,-84.59003413338193,15.0,1.68,https://www.switch.com/atlanta/?utm_source=datacentermap.com,https://www.datacentermap.com/usa/georgia/atlanta/switch-the-keep-campus/,Midsize/Colo,P2,True,1,118260.0
Switch The KEEP Campus - Building 4,georgia,33.76226181322791,-84.59332610238486,15.0,1.68,https://www.switch.com/atlanta/?utm_source=datacentermap.com,https://www.datacentermap.com/usa/georgia/atlanta/switch-the-keep-building-4/,Midsize/Colo,P2,True,1,118260.0
Switch The KEEP Campus - Building 2,georgia,33.757025,-84.58944600000001,15.0,1.68,https://www.switch.com/atlanta/?utm_source=datacentermap.com,https://www.datacentermap.com/usa/georgia/atlanta/switch-the-keep-building-2/,Midsize/Colo,P2,True,1,118260.0
Switch Atlanta North - The KEEP 2.0,georgia,34.10738307071782,-84.80220272639676,15.0,1.68,https://www.switch.com/atlanta/?utm_source=datacentermap.com,https://www.datacentermap.com/usa/georgia/atlanta/switch-the-keep-20/,Midsize/Colo,P2,False,1,118260.0
Vantage Westlake,georgia,33.70922513950832,-84.58426420217081,15.0,1.68,https://vantage-dc-cardiff.co.uk/?utm_source=datacentermap.com,https://www.datacentermap.com/usa/georgia/atlanta/vantage-westlake/,Midsize/Colo,P2,False,1,118260.0
Vantage College Park,georgia,33.6047185,-84.5321879,15.0,1.68,https://vantage-dc-cardiff.co.uk/?utm_source=datacentermap.com,https://www.datacentermap.com/usa/georgia/atlanta/vantage-college-park/,Midsize/Colo,P2,False,1,118260.0
